radius_mean,texture_mean,perimeter_mean,area_mean,smoothness_mean,compactness_mean,concavity_mean,concave points_mean,symmetry_mean,fractal_dimension_mean,radius_se,texture_se,perimeter_se,area_se,smoothness_se,compactness_se,concavity_se,concave points_se,symmetry_se,fractal_dimension_se,radius_worst,texture_worst,perimeter_worst,area_worst,smoothness_worst,compactness_worst,concavity_worst,concave points_worst,symmetry_worst,fractal_dimension_worst
11.760,21.60,74.72,427.9,0.08637,0.04966,0.01657,0.01115,0.1495,0.05888,0.4062,1.2100,2.635,28.47,0.005857,0.009758,0.01168,0.007445,0.02406,0.001769,12.980,25.72,82.98,516.5,0.1085,0.08615,0.05523,0.03715,0.2433,0.06563
13.080,15.71,85.63,520.0,0.10750,0.12700,0.04568,0.03110,0.1967,0.06811,0.1852,0.7477,1.383,17.07,0.005829,0.01327,0.01521,0.008313,0.01705,0.002341,14.670,20.13,94.03,630.5,0.1312,0.2776,0.1890,0.07283,0.3184,0.08183
12.450,15.70,82.57,477.1,0.12780,0.17000,0.15780,0.08089,0.2087,0.07613,0.3345,0.8902,2.217,27.19,0.007510,0.03346,0.03672,0.01137,0.02165,0.005082,15.470,23.75,103.40,741.6,0.1791,0.5249,0.5355,0.1741,0.3985,0.12440