radius_mean,texture_mean,perimeter_mean,area_mean,smoothness_mean,compactness_mean,concavity_mean,concave points_mean,symmetry_mean,fractal_dimension_mean,radius_se,texture_se,perimeter_se,area_se,smoothness_se,compactness_se,concavity_se,concave points_se,symmetry_se,fractal_dimension_se,radius_worst,texture_worst,perimeter_worst,area_worst,smoothness_worst,compactness_worst,concavity_worst,concave points_worst,symmetry_worst,fractal_dimension_worst
20.570,21.77,132.90,1326.0,0.08474,0.07864,0.08690,0.07017,0.1812,0.05667,0.5435,0.7339,3.398,74.08,0.005225,0.01308,0.01860,0.01340,0.01389,0.003532,24.990,23.41,158.80,1956.0,0.1238,0.1866,0.2416,0.1860,0.2750,0.08902
18.250,19.98,119.60,1040.0,0.09463,0.10900,0.11270,0.07400,0.1794,0.05742,0.4467,0.7732,3.180,53.91,0.004314,0.01382,0.02254,0.01039,0.01369,0.002179,22.880,27.66,153.20,1606.0,0.1442,0.2576,0.3784,0.1932,0.3063,0.08368
19.810,22.15,130.00,1260.0,0.09831,0.10270,0.14790,0.09498,0.1582,0.05395,0.7582,1.0170,5.865,112.40,0.006494,0.01893,0.03391,0.01521,0.01356,0.001997,27.320,29.37,179.10,2501.0,0.1407,0.3238,0.5165,0.2439,0.3771,0.09252